radar_distance,lidar_distance,camera_lane_position,gps_speed,cut_in_event
64.62866012939615,93.68051183546278,-1.2595051091810272,41.57462781258679,0
83.41538615403134,11.553516140546883,0.02194529574638171,19.70573549808932,0
22.355178723441927,26.41908016184703,-0.06735833891382637,101.79906384621407,1
20.14616913622085,16.12152859491974,-0.5375056417297754,3.3898579025697773,0
56.2972101878633,89.94571604073222,-1.4740601708769052,52.62878747197621,1
69.07120128342649,57.65695926621321,-4.2992555354537,71.04527127606151,1
24.43211454819044,7.052348393003561,-3.73528566271737,115.00978507556101,1
23.352884112839256,84.92318984512745,4.025931620770205,36.48404725326571,1
93.36432849678152,24.21534198329952,3.6993933898136735,117.47201186333537,0
99.64005667272126,11.066879693481901,4.870929258569763,36.03207482451312,1
41.45266856687577,13.11743338035043,0.7915217595493873,10.860733823063878,0
22.590356327791007,98.72918004812695,4.84547859249667,119.69351486264786,0
79.58274562272075,51.45835296581339,-1.6558122593033264,70.06356187493726,0
35.85004195504141,88.85241924805683,3.9765329844653046,37.12907931998126,0
49.35347140635934,15.30614593063968,4.489874477844115,40.61928515112091,0
63.05644730367847,12.255506195440136,3.0705854287291032,73.81698930330798,1
33.376733460812446,67.85435284600756,-4.800023487836672,46.88864163805143,1
42.22628813828232,82.0909061577519,1.2563585838996252,91.54913276121448,0
72.64788136738551,83.22520222313794,-3.0026512582342715,32.03040834508142,0
81.26557916503353,34.83704097631766,-3.1394720275591093,90.47639565660444,1
79.81776457950514,22.535977810906637,-1.5160495497418545,98.9009332147475,1
42.73951472039389,68.31664538875731,-2.5118202451496807,39.39295593569658,1
28.340953916974733,47.541687585576895,0.36778898824966966,41.69226742398007,1
7.868287484743597,28.933384443276378,-4.008651374055735,107.40652047317624,1
54.13140645962162,57.46820139717155,0.25276596508184035,70.9823130820443,0
81.79425592524508,14.419040475315082,-1.0614731595696014,81.60686533245998,1
85.93186077384763,43.57748595952153,4.397422022432817,25.864725296466673,0
30.947116134787787,5.98869022574614,-0.9981822792452055,97.63478309109891,0
1.063924603516997,19.409478199466733,-2.07291602630899,24.842390099190478,1
96.46750573997221,59.527217043561805,-4.643090649656651,79.92538902857449,0
12.830502318201875,39.347964084686474,4.3087310636892635,35.47683092001571,1
92.43674663242179,36.22826488801427,0.12504966867895018,64.25070658443923,1
13.218953360532659,98.3549665861326,-4.032036518376952,26.604873656502424,1
41.82096999704852,72.69495920336708,1.2829607968628274,52.170165320146126,0
78.44846415602333,40.026641874002934,-4.208286752429743,84.13812511520702,0
56.469847542614716,23.318567349270392,-3.0013430140409705,47.99588489364762,1
75.01908064221196,93.52233444113335,-0.21639144165595603,29.611121432206566,0
93.52089749557024,5.232729717923523,-2.4098568328931425,48.81152539637776,1
49.29858570041191,74.28955084884733,2.9112200737305036,35.39050078414023,0
85.44658943914085,73.70122092144139,-4.234400396319798,41.75913946342074,0
83.42993732128299,76.82382280798564,4.73527048543912,66.13900818877822,0
63.648830995588376,60.17144028048792,-3.051708268761475,108.1204808765059,0
10.99234165731502,90.73924498391864,-2.8234987222733956,71.10191296650474,1
83.89739321019104,68.99991215683887,1.7699724378607744,49.759220876494844,0
43.01087783044715,36.89312225018182,-1.6370887064769555,70.7196571955058,0
81.61003354402048,52.44264120880572,4.71222711376911,0.5193111955630814,1
2.0698877365188495,55.760753479619396,-1.9136059154420302,100.28784016622396,1
81.04123713114505,69.18768881101488,-3.2825959700919682,8.446886973195905,1
41.03344476522738,70.40531218215934,3.9900732950280737,47.79079237867731,0
77.69057846155214,18.6946499882092,-3.0530605612459416,50.117006103327526,1
37.55445686431461,33.67890227288417,-4.009525321730992,84.55200410268301,1
99.64717459930405,48.20914958146164,-0.9490656463741773,103.8710290085325,1
97.10531881563459,38.54188486248395,-3.203783271314866,11.732919271241261,1
64.59235443837765,16.787181548635786,1.9720627146354044,9.941394320291476,1
79.90166254637086,25.80010872237184,1.880073742220155,94.69838696148503,1
8.584460915182001,54.52569053108892,-4.505831641423599,46.27175293077323,1
14.952054769766288,92.4012737541495,-2.871091667307976,5.981527190051654,0
11.13004440814802,62.61597788085815,-3.5703631498385247,82.72763026102267,0
32.23915930923138,64.24572364455675,-4.762507219304027,89.28942648670318,1
56.786515185345465,78.52725204232027,1.6358042314340207,70.65023382086268,0
69.59512711631432,76.61190126428214,2.433634255410978,119.7544041166152,1
53.656884858667965,91.35920302776434,4.152551416689583,81.71046577404155,0
53.733430404845826,93.48206747604912,-3.826995288543743,53.20507974640946,1
53.996260449601564,71.54982845094334,3.927536473488262,36.00963724731858,0
27.39293434240091,30.002779519301757,-2.3699609344712225,38.874206040054254,0
38.00616876266659,72.40543733299528,-4.831724541073456,0.5816777299659437,1
47.266034345423016,46.39300433736179,2.286941075785755,37.155957833803306,0
28.73084304778698,14.383372115710358,-4.851215156410199,39.34854319597733,0
48.75558868700461,40.47866250486351,-1.5382262086387355,91.82000222810218,1
15.91285690275992,81.37844133743333,2.6403470032420397,25.113900011494557,1
9.462832664628252,63.263653027313595,-2.9784960327765155,29.474742761254905,1
93.50407074783404,12.502784867367122,0.5966871033388159,0.5413379310710464,0
33.620678292132666,99.76094781737893,3.629777377437284,3.7768227526338993,0
83.31732279079874,42.171728419405355,2.02669141785122,94.31099866281147,0
68.76130511779607,47.84206232511576,-0.09687371550450052,38.21647027318329,0
23.945607152915816,77.09704459149592,2.9788447256653576,18.13690117915983,0
95.97021906704131,21.885785646676947,1.5504726774092674,27.583808979037194,1
6.0668798033602584,65.53247900280972,-0.9584707451179213,27.550480897846775,1
85.6934277128856,87.03743152539444,-0.1850900675324132,33.41876878116341,0
11.476484699354605,17.773745142418672,4.436432859570624,13.944430866483422,1
45.28452581183273,88.33136736757704,3.2520573715882186,15.797227089033736,0
8.107429697645053,95.67419803070064,4.878608141668039,31.592263309035374,0
27.598607835967638,35.24154148137802,1.4582874253145945,92.97142264368131,0
72.73296943882399,93.6047536383275,-1.7657778544296443,29.458154583947262,0
79.22338899436755,24.878374823972706,-0.21682414118003113,58.32270343288437,0
16.443347573168342,63.449494042901414,3.8147123654031905,26.559865854284084,0
65.1964573230971,79.69920501254059,3.5467443137266113,50.862472530145396,0
0.5497371775707194,28.333545529391223,-0.05916375205419211,101.25732908319571,0
61.83307466887009,19.243731870117596,-2.9838639292850377,55.78728288537033,0
6.063630354787719,80.66188320010347,-1.6180794683950381,11.00346230872599,0
54.652529984611974,13.485310639982073,3.9773702718558788,42.57758076076209,1
38.26408523088512,82.87280328743685,2.6430454476000556,86.8150505921245,0
7.951927965330697,46.36308142055786,-1.0857276117424064,34.16931888802519,0
54.097005202768656,78.42649445875679,-4.005506648223188,41.2212591930211,0
70.01791099553691,78.94360891135855,-0.7835403728346275,49.31997523341879,1
98.95143023785865,10.693628966814096,0.8319958505198146,104.70237760201739,0
83.32723124580406,45.988939680950466,-3.7387733014234925,32.797329554772226,0
53.75771995522777,62.31726478022519,3.4725657212140746,21.582053398540957,0
30.815440586744934,42.97913722448708,-2.8996544841407013,54.729010147077595,1
47.277277343308235,91.3703316719326,-1.2478299679320703,29.46367882528662,1
75.67465154596161,81.39507030506563,0.6697037625641737,117.51590096672183,0
98.7832962724415,60.4078617238476,-3.0162434417478288,59.37184483769893,1
0.6194484117531429,43.561113762715365,0.38633785510686813,71.94282851757796,0
2.9418218644051697,19.89926165427437,3.730390176696986,108.86455054620284,1
81.61409705703832,20.01894478778795,3.0269442400378903,68.73132879507168,1
44.793956124441735,94.6446535574593,4.2597334202019965,60.621551417032336,0
66.48066261596898,25.735424878508596,2.648598401114505,114.26124225766871,0
22.65251344214577,58.92299446408642,-0.024183348457986753,85.80208080400098,0
58.97740286895504,32.542384370826404,2.018813792027778,24.26678344591884,1
85.96038339348668,21.32628023051457,2.4681640957452817,89.49147176601166,1
44.15300097101087,61.28028827386005,1.1965304318188785,8.733108969216321,1
70.13610425815115,26.784334514682996,-4.349109010285219,116.28481490935306,1
52.956823700423264,18.91406006018588,2.360996054345696,40.612746737861286,0
61.02425282550731,12.625579946167553,-2.310783972260947,41.183931673770466,1
12.57378759281853,27.468826815710536,-4.663141489644972,98.05989347794467,1
44.9479246803797,54.04528400500105,-3.5365806517816534,22.955635041628106,0
36.1839283419603,75.48303548432341,0.7696234847203884,18.740243227419327,1
65.78884881823626,6.855244985619679,4.61567005639316,106.41564981722105,1
97.09416524554878,5.053961560858777,3.2052142128406977,82.46585667472873,0
32.58131803136378,0.44968351619580904,3.4776545771790826,1.0490193472294296,1
36.564783316395236,63.007362887962955,-1.3337929623765419,41.26127546159149,0
40.8014786081632,99.21994935234139,1.5546994458583594,47.607027717081166,1
84.66369769634827,72.49732725908841,-0.5836676722900682,33.30080309181397,0
35.198765246084186,8.870044577694303,-0.4157678810458254,103.26326026314442,1
77.34051351892548,43.201909776038526,4.27276118074661,82.78622425600462,1
33.15526190513225,11.553237949412088,-3.342581612720561,81.71682008962979,1
48.60965192735254,18.53556921829933,0.8623280557163344,31.40203773253674,1
21.631969332703992,21.691999255000926,-3.016042584291463,17.540858797007974,1
33.809561298001476,78.17895388189976,3.072490069995416,96.61384868575753,0
0.2721573037176239,26.557734169833758,2.4837341457106232,12.217369072237577,1
24.56845887756297,31.069336915731338,3.7228660697822864,41.32980760772924,1
35.64337577607578,27.092276939146643,3.4384638082453858,51.955940812270825,1
44.63974992457451,99.32884772886834,1.8654649947600337,63.04052198877323,1
88.9175509014125,68.74646376905463,4.060172670692047,96.14119908226562,1
9.32844381301069,89.63224105428334,4.584544389727377,71.96076185523297,0
47.918618264519296,82.75631489724773,1.0796715834348127,99.91814731246399,0
25.068126252464097,71.25698511997383,-4.301853386640314,45.29433099355095,0
69.47674802368641,83.2406689047665,-1.4145900024780431,9.764015756645566,1
8.67847144447964,54.4429230695466,1.9754839716407604,66.07947115317099,0
4.2690242605544775,57.42440221663807,1.120017644614487,82.5219791997371,0
39.821035749575216,4.941632566340182,3.2922326045015975,59.2732694767046,0
82.43383771068811,33.225035661961456,3.4798256234352998,116.001330199243,0
92.03554084475788,6.640730136409756,2.132004750145504,48.74001017010424,0
78.2849191131358,15.02531078309033,-1.3871640543505825,46.07154787351118,0
95.0545324732452,15.663943328229468,-3.007631229821688,19.83338737950007,1
53.90611740894021,16.519887230853534,3.5635050182076373,3.544846067462686,1
81.28278399076993,6.479424776383203,-2.256248436824978,99.20871000114407,0
50.89472731351894,74.3834213530861,-2.4456758606761464,31.187404787509934,1
98.34697690132646,59.10807939404194,0.40650889454438754,76.75959286002646,0
74.75079133509854,5.298525957208467,-2.784704339024776,78.18217129876744,1
45.898598265488246,36.796734566439184,4.515606905059954,59.819973830705315,0
79.7636538681514,52.726712578210645,-4.944317407632863,14.555801337390726,1
20.920771131097617,81.92610630855945,-0.7382384724220517,114.92146413685687,0
71.6914811250685,95.85839929927884,-0.12480087322200184,63.03042211047825,0
84.7426932462547,50.98100338244821,2.3577074746114492,100.9643699627351,1
15.473584843793564,99.96541357323304,1.3674542814991453,71.43738631586307,1
45.68166887227449,77.69328673548807,0.9219540908552197,11.928936279918588,1
74.52902825552287,81.69617637761185,2.0472277947002517,72.60094221603272,1
99.19686916259653,34.78115313553809,1.9198264831094658,108.73976723542742,1
89.20326018861331,11.091935604554148,-1.8192843403511603,85.21115648858058,0
6.208012249511386,66.93248158267689,4.125798944055305,52.84466519364469,0
82.3728657279225,89.47624585814026,0.8762180747195201,2.6437322805531505,0
64.98361858639994,81.8144567719855,-4.501538531911626,65.63250450491851,1
52.2498300015064,68.38764023371428,-2.473765283468803,2.531269941628338,1
60.5875279978048,26.29079507741372,-3.5061553487870265,77.58804588480649,0
11.673655248602122,12.982422909498458,-2.2328105207503923,73.64169088881467,0
78.40094807600116,14.553870174737826,0.5470314976392228,7.905921041073212,0
92.9343303873808,86.7977370711603,1.2865808621145849,57.66918940759823,1
19.66128912455264,30.20827386019115,2.576633618675559,51.64127831643929,0
28.68100409292339,32.50894130763832,-2.972744324360609,54.68733297080896,0
93.1337297467628,79.28194481308203,-1.6293313279266264,39.1063036232337,1
83.69599825592107,24.651417353177084,-0.5083320899643349,35.73891825087784,0
78.0607051305247,58.83845365518009,-3.0321715510840876,115.29355838100679,0
77.28068251222197,92.67003220655731,0.47779275617393857,55.707509124925096,1
87.06540028134093,76.92039366763355,-4.215866123846298,39.48782429682073,1
33.08460388744737,28.409770391655343,-2.0313320344520847,94.94927125174746,1
83.07532410345424,70.15255014375515,1.2363176932717925,94.91228750189397,1
64.7800406352285,26.936482806090055,-1.4989189604967015,17.479899957779818,1
57.10290912959071,37.3099600834441,0.7794964026424314,91.5399975952917,1
22.23617645017407,62.65595396612067,3.5906490063734093,67.0660849929113,0
49.97908319647637,44.533872218676464,-0.7765811729481271,99.85802733930944,0
99.61824734168502,22.363199603301396,-4.424570896038466,64.85916619537443,0
46.33739475771268,57.95047502090015,-4.266608537302926,90.29157936913884,1
65.21865767182095,17.198645592737684,-1.7475257606669778,118.11200163227787,1
9.47192607958277,10.278204178635198,-1.2469299181644367,56.74729574462799,1
72.49621310291887,46.9277450233891,-0.2626432646488688,67.38798313463431,0
35.09908208466087,89.85635050888044,-4.208717202119122,34.445428947450715,1
5.077736538864475,83.44491965920491,-3.5241351485367844,39.78934966265132,1
58.449864156668276,53.96489975083529,4.137560640905281,103.59582913708928,1
26.21154306739871,96.22752688203443,-2.8258578235002574,73.02604026865427,1
27.756381840011823,61.58913788834306,-2.8754041542073194,53.460076344205156,0
44.08741093337996,24.594829561573118,-3.7024257281626163,14.255724903775668,1
30.624594077057964,88.07963485011518,2.6244553302198925,110.08816924751692,1
79.82383302127961,20.741134432179507,3.501748295568923,48.53702614492689,1
90.69155769937241,19.08970765030329,-3.4824108874112056,19.080745643768307,0
11.365895175312202,26.646980848619574,0.022697008331844515,87.4614461832819,1
46.67089343330568,60.2609233483112,-1.9410158684085745,46.52337507354148,1
96.83205588147685,92.24335316133998,-1.757940513231342,75.75605731612826,1
84.87440680598257,23.64334150549442,-2.453343059855869,10.222351556051038,1
67.5475020348536,67.7798485314067,2.5933407418265784,82.24929616840515,0
99.06715619403617,90.62323169092012,1.296021105753292,44.33597261841771,0
18.766815571140516,13.786151727158224,-3.5786182391537236,28.11886795154162,1
89.03689356446635,60.752990595257536,4.681800214941791,47.44238586940421,0
80.4633314287522,61.21430861733498,-4.111882369766935,28.458975261045893,0
93.5710021347265,92.9602107271521,1.8930317443861542,85.22696870868168,0
8.306445914872118,56.80463175524723,1.9188123301266167,67.46014146634637,1
70.03596981575302,34.215879806111225,2.2323961867173203,61.01179271372181,1
15.435745647436526,53.09366559538496,3.7445696781089772,61.31226750017233,1
12.823520181411874,99.9647455606936,-2.225919396495597,76.96893611480802,1
20.218984010286288,84.04550809352854,0.6037787642681529,86.01291990507941,1
43.01387087937692,12.986395327563894,-4.38657619377466,42.567209460945826,0
54.95439361382676,37.59721669582433,-0.24200539519468567,41.640622662185194,0
26.338784963094884,10.099119102737275,0.7664321223295296,73.41500236974608,0
87.96205052377401,99.79903385373976,-3.2115158702052735,119.2866477584783,1
46.70379866315281,46.090808974027254,3.6534482894833715,34.37159450159104,1
15.054539157101122,44.06332735156955,-2.532590614628605,44.56580839411151,0
67.82513454087365,97.42251096735134,1.1801675899388622,16.08685364438081,1
20.313636669371814,72.75473806254954,1.2204158915188392,22.602672282489134,0
73.33009758438769,91.61261772428874,-2.4091759244066746,92.01095046555305,1
21.210256788237835,41.19011615447623,-3.911232522969997,95.23513641744063,0
45.0076947489054,66.59167353961473,-0.30000447583596923,14.862165109721616,1
24.566690487252473,52.670039225772946,-4.058095588022813,8.36203192769863,1
68.34386232737965,15.676693959206444,-3.396150385934973,32.86192426812137,1
21.83251492320042,19.63665434215739,-2.6304287333618923,68.40998533859116,1
33.47267694080859,90.85050449963316,-0.06451985558055284,69.16245373682726,0
58.580504610966614,50.0126870727331,-2.849585384023008,41.19817222598123,0
51.35852507298143,45.20885296571831,-0.46041832629947077,36.63147486345662,0
42.98717770770143,31.503724014050448,3.0008510746921306,40.58436907162361,1
25.809294887490374,59.606060214479854,4.073420788640007,3.741910031855147,1
9.020106592575472,52.76482988433364,-3.129216654086422,75.62397676706391,1
43.54040293435282,98.91316125101338,0.06638166108589871,77.42838741737786,1
75.30701418966709,78.38371469158655,-3.8548618587729266,68.51895975976291,1
64.64767469461495,12.626317813968313,-2.7389041209128226,102.09389138836544,0
91.78969162472593,82.30375167277013,-2.17655892973478,13.85037839530784,1
59.065642067463706,11.555365671967543,0.8670760641992441,109.85794434163735,0
68.30681646815219,69.67087538725602,3.25026634649935,0.34355196005004807,0
88.30654756187467,9.839924295995795,4.605193281048818,8.277813335291238,0
39.70195660988618,72.50377731109305,0.6485065263525938,87.87153675457364,0
3.4575842321145855,15.422525277491106,0.31344186069908275,55.73222011882728,1
15.756637711271837,0.6929112080121702,-4.828808655489873,65.56115499125667,0
9.950716651287184,15.312060357887415,3.9111397134756167,40.234667219970426,1
24.7674472610676,33.17515598319566,0.45078746080487875,46.77702165508634,1
52.36716777978718,66.59550245954222,0.24302356298040095,1.1269236404041028,0
1.6451958387307397,4.326559593166246,-0.2453354115930093,1.020055602980614,0
60.69965938214378,59.997028195509294,-4.647483615261875,97.75739794919798,0
13.354770447823515,6.154034143610354,-3.1503110996920993,107.55256047119865,0
44.3037150649062,96.65422371818153,-3.651769238371277,26.654798679225806,0
37.178290350772045,26.952937092307614,4.220075178013129,119.09235233000386,0
72.92747485934967,71.84214204459774,-0.5863027228914408,17.029269281647164,1
53.02706500778079,89.87011617405935,1.286223682475418,3.9297522941542384,1
45.102436067805954,0.4222903673520406,1.5281255455264144,106.27295932382438,1
0.8921486845178239,85.00104110947404,4.391099095544696,47.10290559711812,1
9.247982809968713,85.29465514590491,2.5836287591006855,73.49934999247257,1
12.690959811544111,26.327268443408837,2.539647536491861,46.33749778352638,0
88.39490360792642,3.3897409042907056,0.8503061296809751,81.8945454729129,1
24.941572508231925,60.813404196865264,4.150081183007973,18.760751868316554,0
56.79462013000237,71.22189280375883,2.0991358757797096,78.11094767594692,1
42.1978104568748,75.85216373169753,2.003697033043121,109.22501051822898,0
47.07673012201147,9.294402197667207,2.51944783983984,87.21996550923124,0
19.848957968019974,14.840135934044064,4.654015946256768,105.18957478864287,0
38.94825358624938,77.51073026193896,4.941624863693422,79.38558057256218,1
5.425043095443205,4.62196987721949,-2.109188344031545,25.476709884031482,1
75.84603210257251,25.300372681764504,3.8392694408669072,76.61872886882664,0
95.86867898219576,40.754405264124735,-1.3868061455338667,90.59340294693537,1
27.402676088734513,83.59233519456384,2.0605179816962824,79.42116775576507,1
58.91504416808291,57.29470221276552,-1.168320874646398,51.35789451456033,0
34.49693253912732,28.803544613573028,-2.6111044319800305,101.02188185775587,0
75.7293963038223,44.66189632856672,-0.420421950580236,32.25920722094155,0
93.40078461386173,12.615520579374007,-1.3541998086395282,87.87247640878316,0
59.30390238816477,67.73335472199967,1.3447173721872119,11.80439358458738,0
79.36966826447124,1.4709836421940459,3.86195288923534,5.096985206573095,1
74.84055530474429,13.703722151031483,2.054211374752958,27.463943763616676,1
58.54995587578492,43.427432761833906,-0.13812622159536403,34.6387085604575,0
87.12402239719357,26.35643519108187,1.8510332012043165,84.52404022028902,1
58.10140074139953,63.303111414534655,2.9124903320561915,16.732944973187603,1
28.390980404377142,37.43450023946065,4.901681801899208,104.60342686927775,0
31.635005406862383,68.43237972403836,-3.5916082974811694,98.03710540485565,1
10.532056162432102,11.119270876545384,1.6118781004757583,26.143299770807275,1
7.130309967429982,56.47558210276061,0.4643035336016146,23.389835742104697,0
76.11101932161445,32.29007118756782,4.810185494594441,104.71145852073228,1
59.84085661267711,89.24803591694472,3.148752611111087,117.58126031226156,1
15.997561467983468,60.03768241784109,3.555378342966531,55.82277243667704,0
36.13307592575816,97.71385774425578,4.83680098595576,65.61055485216674,0
97.30962720716097,87.43635117823305,-1.488799429921941,72.8709117954158,0
53.15584289310789,0.15557301068021,3.6087682269757124,119.30491395000988,1
64.20724883373727,77.9424120989717,-2.647374237385293,51.570653762341806,0
72.97566806473998,81.6211649615825,-4.378970667935167,65.57865826290315,1
46.60787048364025,7.047184274795349,3.75451498739006,74.45143046399154,0
87.7602223633434,94.34159868184238,-3.0864034695756115,35.61531912809518,1
98.30308054899375,6.995068389857018,1.4385586268198587,69.30189548823432,1
86.81700641179162,57.273662284926885,-4.667573977557648,94.82105607557378,1
93.23219249252749,69.88459286780969,-4.737228845151543,32.06275094621987,1
80.72191555031245,78.37047652382547,-0.9288758343570747,20.971919583248017,1
26.7851624000648,51.00676726043062,4.491664520717535,35.95464282502739,0
33.22125594995442,62.84920727640636,0.512375417075889,38.35974873285344,0
32.87544789964946,93.7961482934147,-1.9030887292991827,24.61996454414001,1
53.734383075376044,3.9078685656415035,2.47996018078436,57.1424508730165,0
49.92399422715707,78.48004020524336,-0.8137463678593981,114.59464995946445,0
56.08053474437674,21.646117655712427,-2.726666012271066,64.51218333481489,1
90.35811411579853,11.818420601225766,-0.4799264103360388,93.69691710147812,0
8.610432387054912,38.34040233050433,-4.123944953493704,48.38922446000791,0
20.049588463680667,21.742403918621566,4.412254534860825,76.68305078459116,0
0.7348392843559592,17.511151614134914,-1.0624424297488333,33.23446472293203,0
88.26705128173977,17.263263734171343,4.791311395430803,50.71371187253246,0
66.13460945008661,34.45854286106839,-1.6280630251421258,24.15484594373881,0
15.438308857235771,34.35068354836541,-4.539608955038727,44.527441591459485,1
63.416275529616954,49.14240948574042,2.847232049965519,87.33497924169936,0
95.93389913611993,22.882328170759425,4.4895664769673775,32.93952864949016,1
40.03532093473554,27.85824947426143,-4.494028414291145,55.03394741208373,1
56.476331824655226,72.67831351248452,3.2546515984498363,15.102630212553038,1
62.96599012732966,32.603274888030256,-1.4090957979030239,96.38551612440487,1
80.69047908876561,7.857143727436999,2.8848311177852946,4.126557650704679,1
24.87444089806009,73.06228135609607,-3.3892203967511136,44.49674205505538,0
54.6085777200922,26.61000611201224,-2.2629363032686136,31.933396354591608,0
38.26865935575988,50.57611575791624,3.8026931661759953,102.17801450526025,1
30.715219559199635,99.09738019188475,1.2288038478344996,81.58920170298182,1
52.69932086695138,41.05674090384913,-2.2800742941656393,16.943162144664154,1
13.743757457041571,58.01708188668046,2.9962605248521212,53.165971811757096,0
83.78617948791914,7.192104225998075,-3.12045949849036,67.30784357487525,1
80.09394305309611,79.92183335102399,3.433783390742713,65.26515265804447,1
97.26729494957314,9.494793900356658,3.0499397165845465,55.79724414555379,0
40.91196586538845,46.63544178789192,2.4743516187091332,58.54428121648206,0
7.767366061957615,14.848406017854533,-1.9646321448172168,103.77106221597148,1
86.61516601686627,49.95268479748771,1.8706009670718027,11.296211864032353,1
86.77056411952118,29.015645535223356,-1.7503561706446327,22.962738350823535,1
77.8660246005214,94.55561799531915,1.413895200669371,26.79097655836847,1
54.82579775673898,5.619878593131289,-2.0357603402382085,46.459591769081065,0
87.42793677437643,68.37891942042519,3.704263655454275,113.76215781078095,0
37.63630903919607,26.52851057799872,4.386781821077873,25.5639772425465,0
70.52031766235275,10.170050210829695,4.975887606829959,4.644841867164069,1
60.62833656664141,91.70257394315907,2.584869190598358,6.274252617204836,1
31.068986782035545,66.79382698260672,4.318963614681307,36.104005385070664,0
51.28215568442938,32.021884368573716,1.5273719549233347,83.60308138034384,0
97.1341347753924,81.24720457182654,2.3780260376387305,97.07740525952535,1
66.82692607623358,53.66090717397155,-1.214706585218618,86.98000447008546,0
53.36756861289484,20.71641372039269,-0.7074443342423038,66.22015953030892,1
33.65016684063603,15.079742538161444,3.872444483284836,79.85785726275697,0
4.178985149633318,44.68722577134847,2.8674865576213238,52.68600484035607,1
45.10460318782402,3.411608347731243,-2.1905488864282505,66.00367214842228,0
73.75154931273691,37.83669348328888,-1.037565454531503,98.1723870668836,0
8.28035760497724,53.4521850992836,-0.0019890689155772634,115.52432001284141,0
94.56344926080247,55.675956861406085,0.18395575750847915,13.65644144174131,1
47.211980226681845,74.5633572426286,-4.490296789493023,58.44354362219332,1
63.44154355979163,25.308394080159292,-1.301241073404479,26.598455040545804,0
61.71865856759967,49.58177092216797,-1.9129129353102825,36.832886461801195,1
94.51989098856399,60.88179024410903,1.5037365220480599,0.16510783745173008,1
78.3236161891463,29.9413767789417,-3.454210229731367,79.80168330754155,1
40.45446355047797,10.574550842683939,-0.7964116089603666,113.38930300341228,0
78.7875733986314,13.715836529202296,-1.6314793572825073,111.03944439370662,0
38.98970373527633,4.839801161164104,3.0842066712034484,16.062208453024923,0
40.44049672938724,55.77761903310061,0.6139291071616091,56.69623085869214,0
35.757329932207185,84.9256974932198,-0.5777863802699947,40.20152420316661,1
97.48160304540384,23.537561756379933,4.7417711442718,3.352315409257476,1
85.00232674921051,61.504780107360105,0.8444301779342522,82.66734197119908,1
8.217013996758437,28.600588920420833,4.671087674833199,93.85748293677146,0
14.6270539427376,28.924579871151167,-4.522823303070069,118.30674480326233,0
24.327872985319566,46.44132865046176,-0.6222612344088319,33.98293182911971,1
76.04027358419594,40.95255095865345,-1.5662820968129774,51.55422492195211,1
43.02378016775911,45.40459627463459,3.912760204677859,82.84174786003516,1
19.578906555178456,74.09059239968173,1.5596199386756773,56.78833443034605,0
99.01808055192035,68.30920226609678,0.514298100815461,1.407978364619158,1
72.41225220675092,15.049977785370562,-2.142008975507559,21.491091038509623,0
1.2771633063763943,83.19369582039552,3.974203589388095,77.04978718739018,0
40.15608300416756,8.856972595300494,0.8681707686511553,114.99044353597249,0
59.428022947591984,6.395100840053624,1.698110018601585,59.95073775405925,1
32.87162549180862,53.485917317799135,0.6030322283089875,33.746017817451595,0
61.132249774071965,30.919596791036664,3.1701936569388316,47.569097829649664,1
20.174729535363834,91.63394887920525,-2.279257649724552,96.56511186434778,1
96.40358445988592,11.709122868875054,-2.4076110949400054,29.089971268995313,0
65.61800694718967,37.31856932512415,0.4033927238781363,41.9315919142931,1
9.858600414760232,0.9820128236727843,-1.3245273262938042,105.64378620971993,1
41.66310426554672,16.809765437339408,1.5045718790767104,88.34301114895375,1
1.834066734702744,68.44591138574245,3.0532424987860978,102.49347195099935,1
45.09028483277241,0.6915942034664391,-1.1921203652342536,57.684069154226975,0
3.481122052384966,61.394005692357226,3.2530093339635737,32.55102829220985,1
23.85846534714995,22.235314708149446,-0.03760659483458806,47.24427551362274,0
30.503631171277522,54.64519242593906,-4.225738434502979,17.5766741044319,0
5.563636718708953,34.55838291055955,-3.8665019761024864,56.50047053002096,1
94.82328225680337,0.45273698053187594,-2.6804785729728833,74.97671133214529,1
28.45281380563598,71.64829201044725,2.1289893820362344,33.64906551343286,0
64.87189879764514,89.64627054538957,4.849416691482686,30.621564398098915,0
11.419128721381055,81.92614599470221,0.14007930613638386,6.951395717756483,1
8.414783769091361,95.11559459572334,0.8961382525909167,88.63269629217295,1
46.99315663096131,84.11240430261124,1.527202703598891,14.947579555562381,0
49.223855086497224,20.87590950417778,-0.3812152837165623,35.74769088598035,0
88.62640556137715,10.835093247495543,2.8366866325896147,15.139096213711936,1
55.01065525608638,67.46017024544435,-1.1135912513264659,117.80970101496114,0
66.28188578558061,59.415084840854504,3.2531342774201573,21.084423634040004,1
69.74907879643654,80.7500139255981,4.288567472732986,10.023021701455788,1
8.1747294692481,49.551036188397056,2.3065844343746402,27.721185133911007,0
59.397550452247785,27.431489067565973,-4.37086378787931,68.11263775592539,1
54.01790012552843,71.43595900515291,0.6004756832916218,12.813169728259934,1
93.58594823805505,76.96745584520738,3.3849674585556606,24.900850986895648,0
14.709179894301439,70.43864499967378,-0.42980721165060487,36.053982910843295,1
74.98919119694513,31.520676439876915,-0.5770576506021783,77.2586329108395,0
25.755584411403476,62.8680503807316,-2.140817481180685,87.78198210567324,0
91.38118873540303,47.09473885296433,1.0792088902899426,15.70074028184039,0
62.806190960715014,8.475715651641135,0.25355187693100767,43.80779449992333,0
39.14372137081694,51.32047110665745,3.2287988446059366,88.30645220964858,0
19.603298268138992,16.60019782704981,-3.3155381462175946,30.18909556476,0
76.27918670714709,20.085525635473523,4.40069129945808,46.9903482631722,0
63.05149384468728,56.26361280128707,-1.9264311310571647,21.474072269554387,0
48.739412236789626,38.794857667577496,3.6574550163574457,61.32694381500436,0
67.36498382287306,99.6850262013352,0.7341527353525201,48.95234306416911,1
2.9265765410325217,93.34135314638493,3.3603739212752455,31.929349015616907,0
50.33331208250347,77.89503359493423,-4.514626126034164,75.4539537737769,0
97.39005772169634,70.68766089289214,0.527114487026549,81.58181633403714,0
52.344849584195465,1.806459452978726,3.1000388333215767,6.645463267637206,0
8.74577837004422,60.19365601003547,-3.3286178503805184,65.243526273056,0
55.29829999287615,10.660253798389196,-4.690174362506141,45.67243190379672,0
89.78423056491683,10.556490506555082,4.732108751418503,3.473358595898053,0
6.02759134612203,5.787685980584822,2.936278779092042,18.544328238624995,0
1.0004015850304082,88.02849742945013,-4.351972677962912,52.97382237542331,0
67.3513291206617,69.64785021148958,-2.010158037083958,75.89573292674261,0
22.94724571956476,62.843068981973275,-4.038910389148232,101.35697471732351,0
81.12580283699862,4.6778599917774555,1.8618693098171395,119.71903955411676,1
97.05508528908679,53.21173223279847,-1.075812693397574,55.58641097253176,0
87.82854341222081,76.22792439667249,1.3456206419646657,60.57714112309946,0
1.9628586124998515,63.19979827855482,1.985792832624517,9.37997269356364,1
43.70786168748735,46.78945188849845,-0.6342079538025001,44.370321290855166,1
47.565624342568704,82.3655305684302,-0.03200411512348822,38.168731878582435,0
6.408115209186482,39.692435081438106,-2.450146984772755,105.63182442985047,0
79.28601468629438,35.51102590773908,-2.889421055778284,49.945249099600794,0
38.98925719865037,43.20740304542476,4.936479383858007,72.09770880877412,1
86.51163845512137,98.94959993866453,-4.507227530962355,33.925855849237614,0
15.058369781864966,61.36744232134512,-0.2907684615713695,32.96900285570463,1
89.82178485383595,92.78067298825738,4.154150462225708,28.613337423568474,0
44.2421728309437,16.99522781271262,2.2641663380329957,34.89625782323815,0
87.33138763201993,73.93450525007306,-3.3728725741780288,70.76937563103229,0
19.365025860933095,69.91174765981472,2.5824015293426097,4.549333333926593,1
70.5142072494707,23.372798137230443,1.1769520243000011,15.206217140271328,1
76.75385306509975,96.61480395119206,3.6843668194070585,66.16593886606388,1
47.50087250795728,59.80111097902395,2.7312800567476287,14.940933629051516,0
99.78113769642283,69.24040898373872,-3.438107361366259,93.77711572213468,1
38.717848914133526,4.85986648990544,0.3141974894645907,43.593805515151686,0
79.88197448786084,96.52911947695692,1.104025028927861,55.33166551472745,1
2.5910982508353664,19.670225002286777,-4.132213114062086,43.268469579503034,1
26.76250919797416,39.24168672993533,-2.8072563371632286,25.800866778712003,1
74.40697999620203,37.55657681633713,4.086113275697926,87.72973973172259,1
24.324326638291083,79.89321839955765,-0.06185957343879256,11.591561304447398,0
55.06611465463197,85.14416249009103,3.181763784954663,81.98256252172855,1
49.24213567391887,2.237009915137045,-3.2545830006286613,34.93067295502158,1
27.575407019020346,72.97644722891192,4.463776046457651,99.70148524456617,0
48.73867627504181,78.79752152516718,1.9436585835315743,33.66341840171525,1
16.73748911507055,86.7607342259536,1.2052624006782908,47.21223667164662,0
45.73581655513374,32.24842929759267,-4.167130321173539,4.684600516038313,0
31.72260928832721,34.18589316093835,-2.5215431781856146,43.37753346030433,1
62.52509296188599,24.544714446903782,-4.931030539890726,107.06464622213099,0
24.141429433039086,75.80928383567412,3.986586042606838,26.474074561024985,1
55.16771792779382,47.673566035521816,-0.77773970606132,100.41760720467319,0
86.99250923098325,64.16967130876844,1.647348748036067,20.00550447177758,1
47.5627207286445,51.97044545671022,-1.2217223864390592,104.33075702535488,0
40.9794722052599,45.795729610069024,0.7613173669236586,52.39326715089541,1
40.23698141829637,86.57975642194234,1.2228892192224672,93.45735735089188,0
93.4941801344293,1.7716511861391226,-2.373289112163568,16.284643838050346,1
57.25795336671455,27.424480863438184,-1.6656168004680163,62.11000907159026,0
96.32403185610829,16.96074749141164,-2.3847953150395473,20.766424440563473,0
34.12220373422243,28.25147210295992,-1.7487201025746724,49.34707033541363,1
31.011429909798494,52.92554304437971,0.03260453937314978,32.25677844002418,1
7.836764798745499,10.9575095716826,-0.2956476780268966,66.53079184519083,0
8.77728506616835,65.64073670975742,2.896406154122743,51.693129550125285,0
49.76205267329791,60.086303361692714,0.3708636949330648,33.47950217478767,1
41.98237434066204,9.308728978238989,4.820236287436355,97.59098756984554,1
86.79453862604373,97.6878599052222,-1.5692679127603748,34.696774975411394,1
66.0174387940456,64.25657414374342,1.2813654258000504,101.47406520642676,0
18.987026812644935,77.75337982684096,-3.7314709915862085,91.92072322566942,0
91.75619108863316,17.538843490862433,-1.8704920955573767,70.86688412155624,1
37.255154018323935,85.59290853694084,-4.653138036032004,61.232675119978744,0
18.26947348163057,84.39719376740109,3.2695892588176,0.45536621283936984,0
14.467552219977076,35.80724092591624,0.5118882446232389,67.905584132707,1
21.33033850030831,52.856284276229125,-3.3319865148850525,11.29000887823954,0
3.1563221761198634,79.60377013473119,-4.814281966682582,60.83366725014684,1
19.82667575521877,84.0476514661351,-1.5672963404838889,116.08479565505611,0
74.52898041608597,47.88975904909748,-2.207911553023342,63.24495474075988,1
17.92831554890094,83.41046685409512,-1.2431036414738972,1.7994936559663932,1
84.03766981878442,85.90218203972134,1.8200699853442623,21.651390049234678,1
90.89899024460314,27.92306439579425,-2.453063978437248,30.566324948893836,1
23.9210030758399,84.17920993514075,1.1861166523018873,114.81004766846127,1
36.3116772110522,18.96367497179636,-3.5177873917246227,26.685481213715182,0
68.78764393410471,96.1874568220055,-3.0811520612890386,65.96036477451794,0
75.36736757571558,30.69012217232241,4.708735538992414,99.68714610583845,1
61.34355603802511,54.185149336169346,4.562805256247586,71.12257542134729,0
96.63802956096723,42.6147440132144,-4.905870126982342,10.397527315547514,0
22.012584526371228,70.74466000260861,3.0576558309345145,89.11717870941736,1
52.99715591806071,99.52717302763399,3.449858093456573,41.56306018065599,0
34.19027514729307,19.00810982490986,-1.4773334037164219,118.17477716189055,1
23.458504507814894,83.18616450664669,-3.6538800312982533,6.534313185244924,1
26.879756213123194,68.61017718586365,1.448122795933,113.76244914154303,0
90.65269975519577,95.74007182206284,-3.3929536136750658,47.156379807192124,0
24.093720901334457,29.231618207924637,-2.423855746215211,96.61256573796717,1
75.77698781427897,41.55987727173436,-1.7934769825693566,0.25802404954484714,1
1.097583287683901,34.51355612724929,-2.917030022034739,80.92791259931214,0
60.96494383437694,60.68706684119972,2.216213143500225,11.486475120940124,0
96.12319932985898,89.02782371376131,-0.9795077848335136,49.684416030340024,0
11.844049432857052,28.253458767761508,1.962336298534689,93.97968738253648,1
0.03425457817928246,57.039664357374875,-3.046128354880989,49.13779900155139,1
36.123601596921404,71.47720272761117,-0.8437691795047506,18.985479793110382,0
19.006494500081384,6.445608523342273,-3.980742312491853,0.8520140688494182,0
98.2052197799444,93.61308647184717,3.0009113524751605,116.85370567278031,1
48.33383398088322,82.58318236157506,-1.0942926626648153,94.84117932984056,1
1.3932305749420948,23.88138286303424,-2.429889031491866,108.16500958370584,1
92.80640722035554,48.23117699000624,3.6596652265654743,117.38270321123343,1
44.22241892172863,4.364585011298205,-1.3147554896107927,26.52136046954095,1
65.87391654327848,99.2714467299571,-2.239883989022239,65.39170453786544,1
57.509485374899036,81.26308770293149,-1.215795052853391,33.27128863376344,0
49.97681433605193,2.288025301260499,-1.1753064071329398,50.366495986826045,1
24.754849419605694,80.85260954948271,-1.805430643500924,68.77595790053397,0
30.70288743057987,78.24776117444793,-4.875536421299882,26.822975069389567,0
62.430747832253374,72.37541447006168,-3.8367749352936276,73.68612015581242,1
81.80764602728007,28.28110487242799,-1.0647329830623486,109.8455865222811,1
24.512077607866487,20.781938068177986,0.31874042928063595,46.42005618773993,1
96.23222046248245,37.76431561068594,-3.046296623580773,110.37196358241727,1
36.37147708867795,10.609896961298759,-2.4496590811562946,23.444116084927302,1
10.721496319394852,0.019965045180292407,2.9715861706845272,44.59317581962534,0
0.5104221824803079,51.86744459562348,-4.1918835142537,91.04495471890947,0
8.157767675815531,13.516169733252493,-0.9610670566207133,114.4267062794674,1
50.028836617649894,65.32529013918213,3.0510406463142665,62.664156933598356,0
14.553863143042268,25.630863729527363,2.681075533348407,66.04888738730952,1
61.00413108001447,32.317536060481835,-1.8210886640895838,26.644145984901538,1
51.75977632848981,77.51118756378177,3.120169865352425,76.91380521001236,0
1.8987665389750719,9.429183545995024,-3.460303257130992,82.85129342497527,1
26.49372151411188,82.10300626311208,-4.7021924654123275,110.11066445187939,1
92.58846299171492,46.0463500863465,0.3949847957627046,38.020075778197075,0
71.90967931941728,95.14395321255866,0.9955802340443229,97.97957533092044,0
69.06932142304439,25.637454292316786,4.280678951265763,38.50668326262066,1
79.74085718555722,93.20452694376107,2.777919040466198,12.423861120608017,0
35.08816989841409,10.382571635619065,3.060763736623727,60.746398931814184,0
59.41592344547231,81.4950452997984,1.570824521128353,54.735313137290696,1
31.303129478143312,36.537203514689296,-3.456528962487279,23.704497988973593,1
3.2526894728088673,25.092455345150555,-1.0996906456185918,53.95412291758451,1
1.5612923554598312,69.40439314346759,-0.05525565647165198,100.05668314104302,1
1.3134490020484724,24.219783863694822,-1.3159265740104042,5.995225535791442,0
71.1304359111064,80.20451128154893,-4.810042280905977,8.322306042501598,0
91.14358107805478,34.22208372296741,2.037125743180126,57.323742934083384,1
75.72398563246495,97.86240945014978,-3.533368104051995,62.958530160932575,1
57.50020171257573,82.61534377196344,0.37066654672984534,104.12689910913234,1
46.336433702795766,23.761531253425826,3.7180942968813877,17.32493869206493,1
95.14607700995444,77.81807186113971,-1.549163670892301,72.94516927927579,0
47.30990076225553,94.71772955721109,-4.4501977835874005,45.71624522701669,0
82.93318699442352,72.41881776513299,-0.5210117041663569,98.52176856386649,1
63.97335754097938,6.928419368658634,-3.7574708558412038,52.44531281809308,0
42.62686175475186,9.568970655868148,-1.0072045340935807,55.15935968633636,0
39.621941326643984,56.54994250895938,1.4887279087213035,12.65036422367308,0
57.10793348149148,6.076746817302858,-3.9070819224400353,95.04144436037367,0
50.019686444295296,8.335488855802264,-2.8906321974420504,32.62978654635026,1
89.95101125749302,28.201955156947545,-3.3444783403421496,76.26757589444368,1
69.99541444757642,87.3230154092522,-3.8565365768745163,93.37438521757025,0
26.343318470815035,5.8589016400306555,-2.9672823836141085,47.19413991012348,1
94.08817567298023,20.824610260025977,-3.20251891066637,14.154756384490934,1
67.97976085189181,38.81398248351204,-4.849001138894806,8.057381959110312,0
30.605134771687347,26.933668834906,-0.7714461338237548,30.667190535913647,0
22.36097036023231,22.333954083676044,-3.5346166586760406,56.225404639675325,0
83.80527195663814,33.8379765400625,0.46848781508627546,109.71155052959344,1
43.278053389052985,11.219020068968245,-2.8351675251581234,118.9155631347821,0
20.66211743099523,23.6276118004919,-0.49841899368373355,101.51303317042371,1
97.71123352982389,13.374486652019312,3.2806551736880465,52.272038534467974,0
33.10610604057169,46.325066552107906,4.2488250079917,87.27406470518362,1
29.162773629493056,84.54934633168769,-0.5715791550842244,101.2494489945929,1
87.64956382430664,65.94516518196258,1.5287714128416674,19.21680241560989,1
76.89966029144053,89.18892487570257,0.06414854955835914,24.10624698902587,0
50.11306952465387,13.105882380047905,-3.0819261434432823,59.26996787325027,0
4.836404530337878,81.91257532389773,-3.074125225246865,118.77750474575845,1
33.92142928842797,29.172339689255857,-0.4367513551014115,92.47620194621537,0
37.200637328219464,48.378205966920675,-1.5699675065869245,41.97172364651184,0
86.73542292912586,67.98849845892614,-1.5729697884287095,28.572729304147696,1
39.7955656394968,15.703940729218392,-3.0866498536414735,65.7715625851035,0
51.325900888019895,43.06463323569842,2.6396823078955016,104.54757380397702,0
66.20899408393097,59.38013591088986,-1.3125321211030636,19.535069459038933,0
71.77457765530968,27.457734042543525,3.199189225698376,34.62491849185396,1
27.942092402176698,15.648230145617958,-0.06344442261884264,26.907002402673076,0
7.923045632746839,80.72368306650509,-4.528198763602807,80.97480181841841,1
87.32448609564571,52.746114705470646,4.45490952632138,96.12043000921285,1
19.158124663710062,99.86954381434991,1.1457812891894923,113.23296993999183,0
49.903504624519215,2.5532178336656774,-1.9738828680555018,119.34955910898363,0
67.43619126672394,38.703413131537665,-3.9447716514041686,89.18762526774265,0
55.814166727779266,56.687308755735174,1.2692417067977324,88.313025924286,0
90.48467057012135,36.55288954373284,-3.5823497003684537,105.49938665857275,1
35.017080925889466,86.84214025831145,-4.172222115799408,90.52591746088805,1
14.367935279465904,26.502836567127318,-4.549961117443251,0.3929438254097972,0
17.467314709392866,2.3954769528930497,3.127169203097326,102.89152120989509,0
8.379314419164407,11.520998314097985,3.5678439738138117,20.787582176828007,0
42.87513048616082,20.950759138557906,-3.102919766972673,59.67220035722666,1
30.51311950394777,46.69507958239707,3.984271530691803,88.89719863263902,0
42.08886805389531,87.45960794074128,1.456414321398407,62.317061152364964,1
41.217220934895494,93.28501319031021,-2.4054011984130974,113.58431659852602,1
50.933399012661916,66.04615860968337,2.7558232669622207,112.31459414424788,1
33.13134067729537,15.042252379315713,-0.49083667423144206,98.39966394964965,1
90.48414518207485,41.243627031616306,1.4276181861783943,8.82019769913994,0
18.867699846365614,22.66269357139663,-0.9930959920373379,42.075405047642704,1
60.313381593487435,62.33102817430316,0.1384022779099574,80.82522949831406,0
55.48120304006482,29.854800139099414,1.7185019918277007,48.145142416962656,0
52.68559532561379,54.9860352510816,4.4294237716676115,104.61495793785697,0
92.81949165304971,30.076734819180462,4.140049567965265,15.917232949074549,0
1.8650300688051735,94.35968224325855,-3.345915920912892,74.72097189942247,1
76.24127363498636,38.50779066541418,0.3592248156630484,18.10149803570706,1
17.372025104880283,54.415762627136154,-2.4071478110166167,19.782913605475958,1
50.419927469160456,98.33110389601806,-4.862526309346597,92.16363554915557,1
2.5456415968178714,2.135720738330038,-2.22444341540299,27.266161845391565,0
42.84793568045215,87.93614403216907,-4.536726101149294,95.1623880608503,1
88.1196016641474,22.686836045985693,0.93799382905038,114.73558029266732,0
74.12188802059019,39.16038823483736,-1.0278872685968654,19.430939429999995,1
42.24300522975688,27.034828583708325,2.9488465477410326,80.13343233701298,0
85.1236121289074,32.8603783757371,-4.633535791669483,26.035622486278434,0
3.494020354700511,23.35050467529448,-2.9352959248125075,1.2919968723489195,0
82.33965637779026,71.85199734658052,4.2808042898281204,71.65589601499101,1
75.55498389050278,45.81012123683183,-4.1079734134803845,92.35374760202326,0
21.89810943230818,33.62787994242975,3.3625964503730845,67.15806522687294,0
16.44238477153106,2.3775990500184085,1.771251269305286,12.38831183044999,0
73.2047575236973,23.782671706414625,-1.8026240612475943,14.067016752136547,0
30.765766647322714,79.6136028137261,-4.1128504030241295,113.81572265927767,0
44.47627542047707,47.29840295819473,0.9312034551125512,45.917335121621996,1
24.124429171958194,55.566167185199724,-4.336394293850585,40.465390891312694,0
22.309389711020312,38.82724321903738,4.014830988199337,60.76156179303949,0
56.28903402466049,50.77732014020595,-4.244170180624911,17.84518482869455,0
92.62247698180374,40.981089960733755,-4.8916199238123195,108.92012374254504,1
20.46225751031756,83.61632064116942,0.38427184796948044,18.017107230103377,0
47.94927148454408,47.147238104299625,-3.0842688487118695,84.72205989801962,0
34.42130938451683,59.3068237889927,-1.129867586841832,118.83682970789357,0
77.85431090292913,9.26521292458089,1.223140203999435,28.51758197751231,1
30.72202476756508,45.236863824826756,1.0383430545439731,19.290843030458635,0
36.930965184066224,23.857981788375483,0.7539204663122163,116.9204237365428,0
77.5433889154677,39.766655495203295,-2.2109419940892474,69.22759881089272,1
96.29983573955883,36.082765249946455,-4.592780564923482,107.76262756499455,0
90.49035907207347,98.70140261979576,3.3721937798955928,14.2005580206773,0
19.783466331384535,22.658681374390245,-0.12066243136860066,113.65530006682594,0
19.24798195100097,20.628913637976044,4.889706540196006,49.009108666375795,1
18.620704413570877,96.03718179777249,-3.0234498914930095,29.796917958782142,0
65.49751364927131,25.579364863123732,1.55406119568379,113.49612617766543,0
93.1187531750569,49.21615060696845,-0.5817575848224168,112.04134286055702,1
3.097089239005446,47.13119114186545,4.3962802768840135,30.490535894210993,1
39.1473232111384,21.100885306404837,-0.39658624136667164,25.99696492584576,1
70.577253310128,73.16869996911012,-1.6745780400587265,101.35596831760601,1
77.3616705618171,43.58301419298043,1.185956525882487,26.05735611973248,1
79.11159645951753,76.95959517008113,-0.07563892254182214,27.9115855970489,1
91.41586560818997,64.75992135890026,0.017620916612248294,26.211897159760067,0
54.53928540923052,35.83947693476174,3.4930698106867872,38.54143773365811,0
84.04381047755982,73.02580270923418,-0.7160159534236508,65.02364237072409,0
2.1039072923192847,61.74767408507069,4.084725526961673,53.44305396418654,1
48.08556983821807,72.50908000721792,0.13132964736924357,14.348670332978624,1
56.191041719319855,2.893675083124436,4.829325617496048,20.985833246377016,0
47.356685536948916,86.25635681416614,-3.20486471703358,53.21424262515145,0
51.50095313263808,40.00379458414097,3.4684170756686488,90.70968571769586,1
40.213650190527495,56.99638783858795,-1.6676545092367312,32.908898838415354,1
98.60895300288519,59.01612082104896,-3.895251037200312,46.574361345284615,1
49.73984579483629,15.788969086413385,-1.1895439766605698,69.4269014536229,1
46.90792910661579,60.61421528622115,-2.329721721892443,71.36298133233544,1
34.20804287592948,23.240345173436893,1.2967951883861293,67.81705083845758,1
25.857459640256064,84.64063743638249,4.371071022429732,73.70771653091231,0
41.644930183095205,57.77711675252484,4.962957774062126,102.11676668621921,1
44.932237470811245,18.996637720811925,3.20147732579429,62.81270187526879,1
46.408268760224466,37.1839402770077,-1.68692282608367,10.176081506955663,1
70.37826475996397,88.79135839723737,1.4169598083677135,114.14371028269726,1
18.315895990652365,27.268402910787227,3.402228601330398,54.55448258584318,1
92.71268909568899,73.32406678681656,-1.2360038362128867,114.068767412935,1
63.41357926932769,43.088198132277576,-1.8798984235821994,95.8417796582475,0
53.37672630359071,29.712203864221287,3.4220681646229476,106.1858610306366,0
57.32930975634536,46.83596775378582,-3.9214055694707852,97.78902290276697,1
41.30430134641999,61.7379457859511,-0.7172296662843234,117.46001075985022,0
58.63913983206685,72.19451744623221,-1.5121597476575275,113.11276589263584,0
69.59973643963966,98.43774813623376,-0.9484892053318328,25.239831209631085,1
92.72946738151016,70.67488120835003,4.677522868578958,117.28038715644435,1
1.189330839054481,11.923805039176539,-4.957808518394232,67.17316237339094,1
92.56056903847096,48.90296958524235,-3.284457845708845,9.51231113836152,1
54.7742835011804,80.91387571728048,0.871021080791964,107.39926671093129,0
32.35762224072231,82.16013026049143,2.6536387845349507,97.77301185595174,0
20.466652544094856,82.7552947234145,-4.14728933494866,19.865637642102456,0
78.13745054029407,50.45109648233203,1.8753947445017847,105.3340434881821,1
98.35782335110504,93.77218487869537,4.524286298609956,47.15079491292113,0
72.95310176203915,54.11204829875906,3.2245882075436008,70.30858677996453,0
21.12912870365964,34.05034642374546,4.120093450892696,32.72743808795519,1
19.964561328391973,56.52290176105647,-0.7987939609164787,20.30225475328395,1
88.56472327056298,1.9352913914748804,-1.4832463022008113,88.74710918774994,0
64.14074080682184,21.140880769605076,3.6130381895040724,16.144871720388146,1
77.59587690475864,21.50369668621066,1.1754896245112256,23.33320000715787,0
32.4836676639649,91.70374647334675,3.245202521783572,22.132382536590125,0
57.862571329670246,38.54386482991765,4.558581473276822,27.23951565556545,0
80.32830735670996,5.993589486590345,2.3595368520540463,1.2836354349492174,1
77.27039077853934,35.529359322416596,3.83874518569478,106.96419434759713,1
75.62136133571792,35.69268414932274,-3.730552640593585,7.443002082271475,1
90.65180039853374,97.93779761123805,-1.0982544240882595,7.155930854439427,0
97.46031341494813,1.5836213383150333,0.09953208555648274,52.99964370654927,0
7.442783211816073,54.159781066990156,-2.891738374667013,48.404266088437126,1
92.35478746579953,32.21480747976212,-2.3468573708084284,58.46876609320326,1
6.508601842410733,30.78370721523367,-4.435455928837294,29.166122339462518,0
26.70472192135307,76.46159165213935,2.351677104829438,23.16170874769127,1
43.22871162001537,20.90133857782801,3.2940959314517713,17.878525097561074,1
13.821098658518272,57.146620461769714,0.15303463524500494,67.54246943406595,0
77.68467249524954,17.352321529747726,3.249608108415975,98.94036591399576,1
91.87318339465624,11.977749467105925,0.6605976168674808,24.68885927408109,1
23.550850168222393,36.30418315664412,-2.2495688984492723,107.92325366583982,0
85.57735885663918,29.849296505243384,-2.295197631104208,113.4944089699761,1
86.62022317010147,65.24770404519298,-0.7764835440205928,117.29681206456517,1
77.65053322344404,93.30663298870338,-2.941191270323279,48.2816030175409,1
61.52404793198839,15.100222345630376,2.29319507572513,0.9254279450955716,0
37.45942304717187,15.927448420977598,-4.626817313917078,30.43693848528104,1
55.02978890475666,43.015138758132785,-4.297606444222566,113.59632744286681,1
45.283269176921905,24.248252104902868,-0.47510924017331124,65.24097696618082,0
8.887554187352887,80.59059628322217,2.4038055263105402,32.58226981612657,1
6.632113328375411,34.917868214730476,-0.6952283598275635,98.19123446288738,1
63.32349221037451,0.33655621628588817,4.526324010802176,9.548435008264304,1
34.68754962264388,93.47715426897491,4.556300908973048,28.494978189169338,0
5.92173379252654,29.716337351629218,-1.6757143668489318,53.19181399080081,0
22.84134169326315,15.89613918502425,-2.5623298875754386,21.439183231359557,0
76.1064782784555,47.26453677124831,-0.746923419298211,92.29549085189065,1
1.3676995146682636,81.18233191186216,1.6312087831679998,3.0153502195036985,1
14.466304778195271,51.87773946477208,-3.2103241179395816,41.45048442412439,1
26.77548530397421,28.695890030532066,-0.2273613893421622,49.10844626355636,0
78.10459382086249,52.47071655831614,-3.297187081504646,84.54224463671372,1
39.23025662493933,79.11313659554274,4.288941011574805,111.00700975292317,0
49.77956996051462,76.33543082101562,-4.066757733799734,115.59256374170576,0
27.54469851718575,48.657102294786306,-4.979769110590627,57.701040470653325,0
37.61899723212478,91.69808803008821,2.098096874392348,78.95652684454055,1
33.75866177425174,39.80065762827939,1.2965673798681259,85.97748104082153,1
50.38026204572129,96.1026351964262,1.8209906209766045,118.99590930591306,1
20.15930876271944,83.18349572944278,-4.666966171692581,113.86780207410338,1
20.072277320547947,7.726543813794418,4.872505039773069,104.29842032203749,1
91.17385613448292,95.6545166002814,-1.8422485981057921,15.479526648147326,0
19.745098451949218,92.09841734861998,-3.799634049009568,31.219282035008607,1
11.099594261733337,70.56184077904581,-4.656361991064172,43.737048797598405,1
43.391427317469024,26.20747420944899,-2.2566410882185926,117.1453423058048,1
89.84182977834007,92.62099484454275,4.604937099747726,86.07390439520728,1
22.256505553806104,40.9330201263205,-4.455026956833063,119.02078604366305,1
52.80264622515507,40.68979713404423,0.09235422010691785,68.87768340637307,1
15.343424255543836,62.070480118395025,2.2708541404341496,81.79131218608786,0
75.32960941272539,54.03695009516978,-2.581803700546228,105.47673319631019,0
9.98168113202259,39.037672194276986,1.9539951197134773,109.8741450776737,1
13.009513088274227,84.06473430191443,3.659341045208887,23.654928226697084,1
30.520931722077904,90.85651384026833,4.3344602195968065,74.97171916859091,1
88.02230414252945,62.26340636021806,2.0819267075763923,30.2851437831775,0
99.63883203838444,56.71394591784294,-4.739697469870698,78.3805540612664,1
34.744861220214965,54.83774973688947,0.5393830685697454,47.65674951841532,1
56.829274018565165,41.92401027114961,0.5051831310180273,37.37123443822298,0
51.23531988060207,64.95709658717978,1.7636458201014698,5.812798117779785,1
39.05158931467919,93.19757829470868,-4.755011211200053,14.729363274335556,0
13.7663089758865,88.34952549623637,-3.578718239874672,70.28331031349586,0
80.31106755145666,73.09053267028467,-0.38985595699321784,64.1415440815974,1
36.23038375503388,97.60092369430613,-2.384644329777644,61.89039669940027,0
80.35978165364604,61.42840673792208,3.70156560395786,6.0693616815765195,1
14.315083395080352,0.39394880691068224,1.9020087120258502,51.52176619624707,1
79.97529254396302,77.23168032153836,-0.9142556200816809,82.99813526683752,1
3.433969088473676,29.56715366023991,-0.9489108061067739,53.032038868385825,1
9.781925788719615,20.03047388108776,2.847674625101164,10.862809756257782,1
74.64252509945291,96.56557053652925,1.8858703688153309,64.11820285644897,1
13.502122355897495,38.546878022868434,4.343365441081845,78.984258201494,0
39.578440625307906,51.28783264546529,-3.3295886994952193,79.67808030848434,1
59.107965975910325,68.14196689745947,-3.8999567800982238,73.91852724477123,1
24.741141035987447,87.8462610679666,1.3286778181210508,15.451266118452072,1
64.30040754385232,37.140198969515005,4.292958439381607,27.240138878372278,0
45.30458323117198,60.47429063296199,-3.7192929924169107,20.614363768365838,0
90.1991043547971,70.0512726325042,1.6879711800516626,68.78012034764521,0
18.180453163973652,57.83210901429898,-0.03317803803201791,56.1756514564115,1
2.6126415930753932,55.84741065305629,1.659117341295035,114.45596976405238,1
62.073019319188006,61.271648040582804,-2.2261485910029846,68.1196599649579,1
15.356776456732302,42.52079884890809,4.793067470401127,90.35039829361071,1
61.80085673629874,51.48093214099221,4.4449751477700605,39.17898492197811,0
99.026303823053,64.84411621280644,-3.177914639058131,25.589782994826283,1
20.99140666916194,83.41533778151137,3.651674600689642,87.68138724663248,1
41.1749338748138,50.38157785240189,-4.278801648396225,12.782386185951914,1
18.24603025874909,89.64022982754332,0.5919158318006614,38.84048590869636,1
6.538173095052491,12.741490432673864,2.207963729352416,96.11721593503292,0
47.71254412998394,58.6723698480341,-0.8509069749015499,20.166237462255438,1
15.777149982523076,97.63170182145224,-1.3565810133025344,68.7524585587597,1
38.11497022689434,3.7266809639381893,-0.9052092247290542,73.00085221054745,1
43.818389300783345,45.37222473917425,-3.8073888490966077,109.95595004072163,0
54.156604508741935,12.466410090092362,3.9265849315084704,72.95932013321989,0
3.1487448359830528,91.8960040927142,0.3243383007241345,92.62282486691849,0
15.402739818719912,52.06108296020684,3.3992088653840717,14.490494193541332,1
91.03387512041749,19.1633759387691,2.7060305491851757,78.63771069528619,0
11.606403155179168,46.995254289773825,-4.962026341988812,58.15792878307664,0
44.69403343187119,67.38132392424203,-1.0989555434603373,89.33302674385449,0
94.81701199019352,79.24685492071009,3.176111788672234,101.23039070037964,1
46.570567664062324,15.267542724443285,-2.495889931873654,119.21381670848092,0
95.2018229309461,63.625373092669335,0.23929753031117773,3.009526441506063,1
99.11721303576046,67.99204602791893,-3.311948759668856,37.00523462402474,0
67.30325129918046,88.77592504962247,0.5498549628616844,21.42944841600805,0
85.19033473467258,95.67710302160457,4.89570569842587,108.44117233305357,0
3.9042423147680694,50.74525051342073,1.558600618698204,117.486506521637,0
35.32728593075418,59.934191718133846,3.140011432936369,27.356140159092355,1
86.10479383185164,30.20066434886409,-1.6117866195182495,6.858712032508865,0
92.14477047079801,93.14224382134503,-2.284212380840678,86.05503478117186,0
12.98925665182502,18.433246049607753,1.574234656180927,35.58665305716565,1
62.74335070133093,87.91423154704572,1.8764612823530813,56.096365526104776,1
23.42898971138928,62.0627851856913,-0.0033587236669276876,69.56366667356015,0
94.39015959264017,99.46002843357485,-0.5653197912220067,4.488783240806304,1
97.96763435335892,51.65448795179136,-3.5956077110808025,22.392852616682774,0
55.777193075197474,14.907112642463582,4.838806103284602,98.10988351667265,1
10.369891724232428,86.893702411956,-0.083047140999577,59.456006753410634,1
1.2925087895176435,66.64138078217957,0.32118477372961696,107.84937359356171,0
22.187094960919396,58.252598626031215,3.961308695456143,14.829129635022088,0
76.5025809776842,27.2143363864783,4.88824032381889,33.860391645241535,1
36.291290141629936,87.85540213451715,2.5026083136459807,107.52829341355644,1
71.95239637966878,82.7937677829063,3.5405098301151767,62.56250645569096,1
14.076130358203088,50.84124433078057,-1.664471509421055,109.93010383861835,0
13.90933881172549,23.13309699564108,-3.96356646449884,38.891200233581394,0
65.82024875786475,22.681207623475995,-3.5399879955955327,72.8337183453816,0
85.74982564988834,31.890331715451627,4.060664268690129,54.30765448270393,1
38.928371413028565,93.73400299705852,-3.5156681954930735,51.248274798454396,0
11.362045761315386,7.906509109445182,-4.153429987219481,16.47595069974215,0
34.626447771313195,63.08913327385615,-3.400256662591067,113.65024522945629,1
28.56012046174086,23.277261976752904,-2.5543533408652297,70.46704308542454,0
19.786074549251754,49.990968182930274,0.4177728888270824,17.376614516858456,0
4.153747452783874,45.99030172104423,-2.45190842886207,46.9681623750572,1
13.3534335944693,76.47990437997578,1.40532003383748,72.7395210105904,1
3.3281956478220187,50.47612903958878,-0.46430973720491053,22.998870537433657,0
34.90065994099643,77.97202445518654,3.6929483059211083,61.46046762466023,1
20.68302953975025,88.7612047288712,1.631496239559473,75.8683577256686,1
36.09513017578069,2.227687832843195,3.766540158204453,20.131445554332643,1
55.539178622237216,1.0353113611586418,4.511107778599504,112.10239192443363,1
67.06708224829178,18.45807034111424,0.44264355996680393,117.66987161328119,0
60.639591426801296,16.311750820196668,-3.4312716672148866,69.84122665468797,0
74.93822574938154,53.67012754228172,3.7692294965755906,101.27190533078517,1
75.41782025605728,23.885927603504907,4.860409396836342,26.276290991283425,1
77.69856963629304,95.00795970968713,4.230811145430966,115.39080021890037,1
13.67130985048577,94.69146252260302,-3.788155239960309,14.540821878282348,0
77.03699392053655,38.502098368320695,-3.5402541595850967,78.20545567869287,0
41.14678154116057,66.83680641129183,-2.537485741626795,1.5919161063220466,1
74.51278791173782,34.73098092554824,-4.076967921071477,6.069513574799239,0
82.73826666100493,25.014504875744226,-3.318786078926265,70.32466471458653,1
81.99482959777302,57.30201761185864,2.255217723249796,0.07961657833348124,1
55.91237710362014,43.153622307858875,-0.9203306501925521,38.43900731864972,1
64.92096555455849,27.422398775444478,3.4644743405099483,100.01980517764373,0
17.017050327382364,34.64713123406582,-3.8203968443017455,76.92183027494364,0
49.861642385392344,36.60103447643556,-1.4463973793327431,58.65426804035968,1
60.37903953552246,35.35959248174477,0.5424748841543465,73.5969471267416,0
77.03392424869928,61.12854585038981,0.22248622403131968,87.40293115606868,0
78.05394333002377,2.0896202439972367,2.0553670633472922,66.7839942907658,0
83.28633577552411,46.844166001128116,-2.180356426193606,50.763320384111495,1
31.17676759357355,0.02624529867946146,3.648047457612222,18.7778578387832,1
0.1893389949778279,20.83221398376346,0.37118735105161527,13.578132416355825,1
49.14864347060883,23.19994637743075,-3.037089466980518,91.77151193434595,1
86.6304357420345,7.323659943298743,-2.9114285846415555,76.53770675513233,0
1.4011345492385696,71.26135661042497,3.4236131611928613,3.8132144458441086,1
37.93898446820867,26.286820435198532,2.4233999705617615,80.63244441017467,1
28.26934152580699,32.971838105398355,-2.3196184058869074,48.436709126612186,0
82.72236669528476,83.8556538703862,-2.5757906455077073,93.56929144479221,1
86.04036864742667,89.49008474675179,-1.0059802004111393,20.169428430867313,0
54.73350823814322,3.2633519065337735,-4.582359334993621,44.94495704675953,0
86.995575340434,86.62189558931759,0.6677223659659335,79.06052275983423,0
81.30458801992366,66.26931615883785,3.6161402863776253,25.830837431570576,1
78.78254962712117,55.48251095342665,-2.1632562042257297,55.095320468204015,1
56.242243747807706,63.78372580841535,2.0874170576152418,44.823011391961856,1
64.08832559919433,98.72653872627458,3.3850409410679614,67.25371491002062,0
24.467837516986624,4.266294192969012,4.60080428803051,8.456657854286966,0
69.82941042513427,46.12058124446605,-4.307122129433685,56.6287269078306,1
62.57922496499562,74.46815406276374,-2.7679487703012096,2.492070055309159,0
92.98923706792715,12.48699406438053,-3.3371886137271076,1.5326723667556097,0
72.2065333642609,96.89081422427819,-2.587223459812884,110.625162901014,0
55.27926879427362,4.120532021698919,-4.013172967557885,35.94567304004313,0
43.53703290376989,41.35345666442769,-4.455811941800892,115.2659813549282,1
90.44800275193782,53.29332666164519,-3.0593161394649346,6.94626802993171,1
85.9490756997971,87.9743765214803,-4.888744000525552,46.98253350920416,0
88.92314678095936,97.72637525253259,-2.7299877193964086,96.22393412177007,0
72.3143887828766,94.15562469629589,-0.6274387222460298,57.75586822625469,1
27.458848896486355,97.75125598877761,2.7434771390246526,111.3906672315537,1
82.92141019597975,14.053146577059206,-3.630680106837115,50.71632671619932,0
8.655621337050246,88.7077610288424,3.022236903162945,58.43457223810277,0
38.95026127170321,98.7502662314777,-0.010949353308290277,100.56027013928754,0
12.369262148053394,19.14483588927498,4.190028729020641,53.67426613492158,0
65.88396188121266,8.010986008434251,-1.2350703650671857,59.806854571028445,0
49.53412904895528,54.664258121463995,-3.5304867294486533,9.076367509199965,1
85.08759341029105,9.217948205949122,0.08387689691597178,19.386843438052637,0
13.523884011584286,62.36273236724033,-2.3991673406435043,17.103261368851655,0
50.61379346774183,82.15138948011224,-2.2673930027379976,42.37902879356516,0
33.02392499204983,17.455185590183973,-2.230249276496392,82.92088194639621,1
94.07923245487575,31.705316450620515,1.654950266511248,61.33562436588388,0
70.41990216487173,12.32625665798337,0.4455573725772677,112.92550904794001,1
61.03452039827779,18.72658989961907,1.5535285818273392,60.08971175501912,0
17.820289727800255,46.24162243868837,-1.9356809312090273,113.75162117078175,0
91.38890503035731,34.94326960341358,-4.218000071681742,16.90971329774304,0
25.506657950276747,24.3168121784714,-0.7262218183184412,29.41038415328943,1
84.24697251006606,72.28947973379954,0.8762034330687287,14.686082498692631,0
89.062131344565,81.2734540374438,-2.6446077460078654,76.76490168147838,1
3.509874560225945,77.26123235970681,2.666590879020073,13.228148765976613,0
0.9881772764145369,23.321816730712598,3.208020036071396,32.61953905173847,0
80.86544758901488,23.732281494100405,-3.4230706218980145,116.68105649840656,0
82.6308576537652,12.516096133983057,4.972790475761,95.49097500942212,0
40.91990113104619,72.21021832327743,4.2823827190416335,82.21116681053148,1
5.087846152604547,21.957246848851298,2.491697571860181,60.31497170303035,1
36.539580319759935,33.663304381878376,0.5436760093743329,76.16730395884422,1
65.82202574419685,34.525119064285214,4.42976104176633,60.439564199834294,0
31.680678650852435,33.790225884908494,-3.3547317364767073,28.163252556778072,0
36.895900000152025,46.33067942659053,-0.8366858109889659,78.75279978311559,0
76.56775303921414,23.74812318328081,0.536638028973365,91.55477934451241,1
36.25017739352947,73.22739072290695,-1.2539677836763294,78.11940312114577,0
20.1243670130941,42.2450934733953,2.753669208263517,97.83630915086451,0
38.767300523193526,60.68813102002054,-0.8353053776394956,10.935222094497075,1
59.62323738192161,93.92017301859048,-3.757709424436185,114.40511526432209,1
68.87222936672556,52.40079698430049,-1.9488100665474772,68.6114837163124,0
29.277432323357655,43.882833008982416,1.4213437125019093,40.44502896346087,0
18.89912331586575,1.6608720922562714,4.7309452433926324,15.023784142883322,1
65.43328191519926,94.59699877748083,-1.5562321852758068,83.02135120861671,0
78.04469784664452,3.6924395755462025,-2.8545730805924574,70.2650950064048,0
18.700463136864155,99.93230182515114,-3.461657436868939,32.57258628286263,1
20.690358959210652,19.289517477750174,4.079279486433217,90.22990277126664,0
83.89345141242843,96.7639695740599,-4.358190784488636,33.36390699221694,0
49.22940040913398,73.4640658518932,-1.7148684547739435,14.304141886435051,0
23.98533804664065,19.141413630530803,-3.6156219291238143,3.4786237541216902,0
82.1755023176279,69.68766785291403,-0.9886476646889841,33.80630428195966,0
85.22847186110906,90.06499477907172,2.690573315105099,73.7559170008795,0
39.694077877532116,43.48505103728354,1.8022364103110142,27.91830439720494,0
54.433634926402384,58.416936646695085,4.811946978155092,25.7069305611881,1
13.237511626281606,46.70521112239037,-0.5829920735067118,9.770093458683409,0
80.34822282137195,92.67547387735398,-4.705206687501365,52.14522623618972,0
93.27149398100796,48.053815714672595,-0.8586513803118576,38.581812695433506,1
51.70550206769513,82.43812685891254,-0.3046307276950806,106.01091962035031,0
94.80617544595682,95.99510870323138,-2.1920119407227023,77.27907008077688,0
13.159196336512247,24.74163293462287,-3.441713061071343,95.94165503709925,0
79.07758251818225,20.819456717445874,2.0028859965043253,44.09840148212068,1
90.2159126694212,75.329415381531,-0.9547960177905424,13.795971182622623,0
12.846124380995928,53.87938706257469,-2.091434578290694,24.050049902722822,1
50.71515035879519,40.6862837826217,4.068489171644007,2.781128998776694,0
97.05080624240149,9.762986039351096,0.038575685131156945,113.446535331844,1
11.467629660940503,6.7565785658297965,-2.903266108757573,90.66554371059439,0
15.710481448300783,11.410937096731644,1.1954650294525004,83.7653766907662,0
0.5088555742500889,18.551096266927768,-4.32185321779202,117.73789011877061,0
37.100344351032454,53.82871459970355,-0.39122220020697185,37.71002898918202,0
9.257492660051048,83.26316021526223,-0.8584139466476737,16.456204962887927,1
3.564049355991439,11.325652190723567,3.294889973500462,21.564400762685207,1
69.4944483787509,61.67628074590553,-4.492861525862219,95.10376000531707,0
3.269917570899339,22.200159274526253,4.182372770274345,3.3109624829457784,1
38.594552386593506,37.3023630311011,4.127409721491716,26.577944489662173,0
63.958934666495196,38.427818639521796,-1.0787515769507272,29.919699460639862,1
60.18885785352849,0.16734319630095085,2.1101675164129006,93.09568176842893,1
19.603566126421732,89.2430816465363,-3.4874665618184384,45.903215536013036,0
87.54811164126549,5.564765541628203,-1.6337710139491737,4.890877811409076,1
0.6596627113592546,64.5675603443048,4.328188620252618,115.71920187882479,1
71.49332978083916,65.15101165653077,0.9405783016637699,50.02925916099492,1
7.8833068867416145,29.062598964074237,-3.839443429811129,46.35022770220818,0
10.487273335664382,14.62012349793792,0.10252992217259393,54.1378380322552,1
8.836788884273295,19.32527185397186,-4.675447638292743,57.26088581205934,0
96.35109199689178,44.27848469356989,-1.5548175343536408,63.53155335241901,0
23.931868228581664,14.084732924021859,-1.414244193294408,97.29225587568321,0
21.114922872435027,99.32371373930087,-2.500241169589057,72.46001765575917,0
28.968838257664085,28.40243539476621,0.18329815273360506,17.78745121559231,1
88.40589493853092,42.89401966277815,0.5218884857220871,114.188101142898,0
12.404253871259563,51.733125613176554,4.897083871347885,35.419952037391134,1
78.11381204037076,49.351299205260766,-2.5644322062158995,61.97119145403046,1
3.5782374285361462,34.88159710462553,3.366734037559654,72.93038582821403,1
24.15316005916003,6.768770628960263,-1.7392408995680961,91.99202590722118,1
12.710676107692077,30.195871292951214,4.1994077376961805,81.33813123506995,0
48.6741451370248,26.340022379105733,-0.6080308374243266,75.05790540569002,0
42.1521294614111,86.64431642781629,3.1500786352699066,6.312515129550054,1
78.41294411918672,49.68277545483188,-0.6411129160323492,36.76748545936083,0
92.51202037399638,7.911594825892488,-0.042658329385963256,82.88400125399981,0
15.833928947073394,68.54870211046682,-4.703978833285253,56.28947273040216,1
43.79331395083648,41.99607324506901,2.00112573061615,41.60378765604292,0
81.65767044698032,8.107567201415533,-4.323779502875462,53.37860115133117,0
42.8309935097933,8.79409470094984,2.599310144147452,53.91058970866712,0
20.7055411763326,90.89821122306522,-3.712308979274961,113.8727245397242,0
15.063423087907257,19.13020931565841,-4.284333816410038,11.711053611300674,1
64.66620536634247,70.138909414764,3.673440340874947,8.709471691543698,1
48.378213101665736,88.48351515881528,-2.5558565865266845,39.93940297982876,1
81.64967876445218,61.36531576885926,-4.500132164212751,73.78988298372047,1
74.26616109740411,56.201043303445466,4.613970813625457,46.09240335037198,0
14.142942853879248,49.094517952294915,1.3902118469104954,24.85019505826696,1
10.359174211133759,79.938649363671,-3.727633918873364,64.50134278859983,1
40.46268324118888,46.021176017609235,-3.269767158260679,118.20781205456818,1
4.024289430374772,13.03346074702364,-1.0297677521702653,9.605729955322882,1
33.13392905295355,5.079175021996085,-3.583863630383587,105.19195311197501,1
68.76859182376424,88.50731464196375,2.67790808593883,16.600831642504538,0
88.11432483270539,44.85373572251251,3.8580280998594283,6.855116667574532,0
24.359157047476153,31.850298447193303,4.058171973945312,97.23152218704081,1
67.87834783201964,54.026659266719456,4.3030462472304425,43.81601660253918,1
69.39807310544363,53.417110543101266,-1.1060251669348031,111.38783163295678,1
62.22426345719819,24.48608551478121,-1.1916215794402718,80.96013472007883,0
46.70887864529226,1.215077412794896,-2.7877489478885167,89.33914798270004,1
21.167573714388833,44.13967290767993,3.0024578586219874,80.62195758213913,1
72.43483588835947,21.77666013937083,-1.7008412904817192,34.84249262515907,0
6.099504326603366,32.63280952592713,0.7049911170772614,72.45932619030707,1
24.050187862697314,5.48210654952328,0.17970759146151405,65.25578909343409,1
98.47143160724178,25.35377547284434,-4.326527912343141,0.6962176201271753,0
93.37132142695566,32.15630948397211,-4.112041048794469,28.784491718400133,1
93.69349492075197,97.39171341613435,-3.615072958240808,94.237167104484,1
38.12041553104155,26.955436640651076,4.3955707558983,94.03131599092089,1
62.9314648831796,53.21188441031459,-3.8884902122103124,116.98585140437237,1
52.362493469835144,11.882014570957322,3.984283461547328,87.69742480651468,1
76.95650668208168,9.820993127348165,-1.2056423522827053,55.27346032457143,0
50.57085450210974,15.090650466492605,-0.15711520306612492,76.09207171971353,0
0.5512538704975034,50.06059774432595,1.4946739019841457,99.89819438887106,1
82.48034387667393,33.34180711234996,-1.26245573575819,48.93562208670062,0
54.756449518995254,36.979697512297726,1.4948302922692944,91.99240876448914,0
43.51041950431027,63.50978993593285,-3.4127400802405274,90.128567740956,0
81.40703317685846,86.968080589568,1.1311100252993853,105.08196977049742,0
64.66218705422861,89.9846996493896,-3.2827308867817506,87.95155089491047,1
80.45356537543746,18.486022719752903,-4.171120601821406,12.983800607469881,0
58.51296371772138,8.249743403758025,3.9749849677457068,79.78486001822405,1
58.031528547311225,34.36648122457873,3.5208507386029773,15.848154393380947,1
68.12435656767008,25.374164511971543,3.177282282812353,116.45737003862496,1
22.758621859504892,30.572075881134353,-2.166354175097678,72.88310705659812,0
7.949655963027125,62.4579357240164,1.5338116596171378,15.914194562864958,1
92.5985090636721,3.338979470798209,-0.06244067321482394,52.56167726836054,0
68.54681885476874,81.27474684945007,1.0332497843827761,0.6612619191995961,0
33.34978442473356,13.36071424619647,-4.574583648371805,40.945212147612374,0
2.163558586611669,90.82015318031524,3.2036534989553918,30.379660507189776,0
26.03539549504047,51.88759494138166,-0.36818024663345295,21.223919314946677,1
24.787776336908273,40.58835257847689,3.249709424061674,68.21963874652079,0
54.50722908911312,6.321947647609816,-4.502763265070482,18.034731176353304,1
65.17505531255404,93.01092946747322,-1.950463162517444,42.42866888125648,0
99.79767714948,96.95969984205588,2.3368383262041768,30.16558831778108,0
93.47764070279732,69.84800797155238,1.3150815456186002,104.13056975078787,0
